<?xml version="1.0" encoding="UTF-8"?>
<beans xmlns="http://www.springframework.org/schema/beans"
       xmlns:xsi="http://www.w3.org/2001/XMLSchema-instance"
       xmlns:aop="http://www.springframework.org/schema/aop"
       xmlns:tx="http://www.springframework.org/schema/tx"
       xsi:schemaLocation="
   http://www.springframework.org/schema/beans http://www.springframework.org/schema/beans/spring-beans-2.0.xsd
   http://www.springframework.org/schema/tx http://www.springframework.org/schema/tx/spring-tx-2.0.xsd
   http://www.springframework.org/schema/aop http://www.springframework.org/schema/aop/spring-aop-2.0.xsd">
  
  
    <!-- bean for site edition lookup configuration -->
	<bean id="PSOSiteEditionLookUpService" class="com.percussion.pso.demandpreview.service.impl.SiteEditionLookUpServiceImpl"
	   init-method="init">
	   <property name="siteLookUpMap">
	   	<map>
		    <!-- add an entry in the map for each site where publication previews are desired --> 	   
    	   		<entry key="PreviewTestSite"> <!--  the key is the name of the original site. -->	
	   		    <bean class="com.percussion.pso.demandpreview.service.SiteEditionConfig">
	   		        <property name="siteName" value="PreviewSite" /> <!-- the site where the publishing will occur -->
	   		        <property name="editionName" value="PreviewEdition"/> <!--  the edition used for the publish -->
	   		        <property name="assemblyContext" value="1" />  <!--  the assembly context for the edition  -->
	   		    </bean>
	   		</entry>
	   	</map>
	   </property>   
	</bean>
	
	<!-- bean for demand publisher facade service -->
	<bean id="PSODemandPublisherBean" class="com.percussion.pso.demandpreview.service.impl.DemandPublisherBean"
	 init-method="init" >
	   <!-- timeout in seconds -->
	   <property name="timeout" value="30"/>
	</bean>
	
	<!-- bean for link builder service -->
	<bean id="PSOLinkBuilderBean"  class="com.percussion.pso.demandpreview.service.impl.LinkBuilderBean" /> 
	
	<!-- bean for Default Page template service  -->
	<bean id="PSODefaultPageTemplateBean"  class="com.percussion.pso.demandpreview.service.impl.DefaultPageTemplateBean" 
	init-method="init"/>
	 
</beans>
